Prefix;Name;Size;TimeSlow;TimeFast;Code
;nop;1;4;0;00
;ld bc,nn;3;10;0;01XXXX
;ld (bc),a;1;7;0;02
;inc bc;1;6;0;03
;inc b;1;4;0;04
;dec b;1;4;0;05
;ld b,n;2;7;0;06XX
;rlca;1;4;0;07
;ex af,af';1;4;0;08
;add hl,bc;1;11;0;09
;ld a,(bc);1;7;0;0A
;dec bc;1;6;0;0B
;inc c;1;4;0;0C
;dec c;1;4;0;0D
;ld c,n;2;7;0;0EXX
;rrca;1;4;0;0F
;djnz d;2;13;8;10XX
;ld de,nn;3;10;0;11XXXX
;ld (de),a;1;7;0;12
;inc de;1;6;0;13
;inc d;1;4;0;14
;dec d;1;4;0;15
;ld d,n;2;7;0;16XX
;rla;1;4;0;17
;jr d;2;12;0;18XX
;add hl,de;1;11;0;19
;ld a,(de);1;7;0;1A
;dec de;1;6;0;1B
;inc e;1;4;0;1C
;dec e;1;4;0;1D
;ld e,n;2;7;0;1EXX
;rra;1;4;0;1F
;jr nz,d;2;12;7;20XX
;ld hl,nn;3;10;0;21XXXX
;ld (nn),hl;3;16;0;22XXXX
;inc hl;1;6;0;23
;inc h;1;4;0;24
;dec h;1;4;0;25
;ld h,n;2;7;0;26XX
;daa;1;4;0;27
;jr z,d;2;12;7;28XX
;add hl,hl;1;11;0;29
;ld hl,(nn);3;16;0;2AXXXX
;dec hl;1;6;0;2B
;inc l;1;4;0;2C
;dec l;1;4;0;2D
;ld l,n;2;7;0;2EXX
;cpl;1;4;0;2F
;jr nc,d;2;12;7;30XX
;ld sp,nn;3;10;0;31XXXX
;ld (nn),a;3;13;0;32XXXX
;inc sp;1;6;0;33
;inc (hl);1;11;0;34
;dec (hl);1;11;0;35
;ld (hl),n;2;10;0;36XX
;scf;1;4;0;37
;jr c,d;2;12;7;38XX
;add hl,sp;1;11;0;39
;ld a,(nn);3;13;0;3AXXXX
;dec sp;1;6;0;3B
;inc a;1;4;0;3C
;dec a;1;4;0;3D
;ld a,n;2;7;0;3EXX
;ccf;1;4;0;3F
;ld b,b;1;4;0;40
;ld b,c;1;4;0;41
;ld b,d;1;4;0;42
;ld b,e;1;4;0;43
;ld b,h;1;4;0;44
;ld b,l;1;4;0;45
;ld b,(hl);1;7;0;46
;ld b,a;1;4;0;47
;ld c,b;1;4;0;48
;ld c,c;1;4;0;49
;ld c,d;1;4;0;4A
;ld c,e;1;4;0;4B
;ld c,h;1;4;0;4C
;ld c,l;1;4;0;4D
;ld c,(hl);1;7;0;4E
;ld c,a;1;4;0;4F
;ld d,b;1;4;0;50
;ld d,c;1;4;0;51
;ld d,d;1;4;0;52
;ld d,e;1;4;0;53
;ld d,h;1;4;0;54
;ld d,l;1;4;0;55
;ld d,(hl);1;7;0;56
;ld d,a;1;4;0;57
;ld e,b;1;4;0;58
;ld e,c;1;4;0;59
;ld e,d;1;4;0;5A
;ld e,e;1;4;0;5B
;ld e,h;1;4;0;5C
;ld e,l;1;4;0;5D
;ld e,(hl);1;7;0;5E
;ld e,a;1;4;0;5F
;ld h,b;1;4;0;60
;ld h,c;1;4;0;61
;ld h,d;1;4;0;62
;ld h,e;1;4;0;63
;ld h,h;1;4;0;64
;ld h,l;1;4;0;65
;ld h,(hl);1;7;0;66
;ld h,a;1;4;0;67
;ld l,b;1;4;0;68
;ld l,c;1;4;0;69
;ld l,d;1;4;0;6A
;ld l,e;1;4;0;6B
;ld l,h;1;4;0;6C
;ld l,l;1;4;0;6D
;ld l,(hl);1;7;0;6E
;ld l,a;1;4;0;6F
;ld (hl),b;1;7;0;70
;ld (hl),c;1;7;0;71
;ld (hl),d;1;7;0;72
;ld (hl),e;1;7;0;73
;ld (hl),h;1;7;0;74
;ld (hl),l;1;7;0;75
;halt;1;4;0;76
;ld (hl),a;1;7;0;77
;ld a,b;1;4;0;78
;ld a,c;1;4;0;79
;ld a,d;1;4;0;7A
;ld a,e;1;4;0;7B
;ld a,h;1;4;0;7C
;ld a,l;1;4;0;7D
;ld a,(hl);1;7;0;7E
;ld a,a;1;4;0;7F
;add a,b;1;4;0;80
;add a,c;1;4;0;81
;add a,d;1;4;0;82
;add a,e;1;4;0;83
;add a,h;1;4;0;84
;add a,l;1;4;0;85
;add a,(hl);1;7;0;86
;add a,a;1;4;0;87
;adc a,b;1;4;0;88
;adc a,c;1;4;0;89
;adc a,d;1;4;0;8A
;adc a,e;1;4;0;8B
;adc a,h;1;4;0;8C
;adc a,l;1;4;0;8D
;adc a,(hl);1;7;0;8E
;adc a,a;1;4;0;8F
;sub b;1;4;0;90
;sub c;1;4;0;91
;sub d;1;4;0;92
;sub e;1;4;0;93
;sub h;1;4;0;94
;sub l;1;4;0;95
;sub (hl);1;7;0;96
;sub a;1;4;0;97
;sbc a,b;1;4;0;98
;sbc a,c;1;4;0;99
;sbc a,d;1;4;0;9A
;sbc a,e;1;4;0;9B
;sbc a,h;1;4;0;9C
;sbc a,l;1;4;0;9D
;sbc a,(hl);1;7;0;9E
;sbc a,a;1;4;0;9F
;and b;1;4;0;A0
;and c;1;4;0;A1
;and d;1;4;0;A2
;and e;1;4;0;A3
;and h;1;4;0;A4
;and l;1;4;0;A5
;and (hl);1;7;0;A6
;and a;1;4;0;A7
;xor b;1;4;0;A8
;xor c;1;4;0;A9
;xor d;1;4;0;AA
;xor e;1;4;0;AB
;xor h;1;4;0;AC
;xor l;1;4;0;AD
;xor (hl);1;7;0;AE
;xor a;1;4;0;AF
;or b;1;4;0;B0
;or c;1;4;0;B1
;or d;1;4;0;B2
;or e;1;4;0;B3
;or h;1;4;0;B4
;or l;1;4;0;B5
;or (hl);1;7;0;B6
;or a;1;4;0;B7
;cp b;1;4;0;B8
;cp c;1;4;0;B9
;cp d;1;4;0;BA
;cp e;1;4;0;BB
;cp h;1;4;0;BC
;cp l;1;4;0;BD
;cp (hl);1;7;0;BE
;cp a;1;4;0;BF
;ret nz;1;11;5;C0
;pop bc;1;10;0;C1
;jp nz,nn;3;10;0;C2XXXX
;jp nn;3;10;0;C3XXXX
;call nz,nn;3;17;10;C4XXXX
;push bc;1;11;0;C5
;add a,n;2;7;0;C6XX
;rst 00h;1;11;0;C7
;ret z;1;11;5;C8
;ret;1;10;0;C9
;jp z,nn;3;10;0;CAXXXX
;Lookup CB;0;0;0;CB
;call z,nn;3;17;10;CCXXXX
;call nn;3;17;0;CDXXXX
;adc a,n;2;7;0;CEXX
;rst 08h;1;11;0;CF
;ret nc;1;11;5;D0
;pop de;1;10;0;D1
;jp nc,nn;3;10;0;D2XXXX
;out (n),a;2;11;0;D3XX
;call nc,nn;3;17;10;D4XXXX
;push de;1;11;0;D5
;sub n;2;7;0;D6XX
;rst 10h;1;11;0;D7
;ret c;1;11;5;D8
;exx;1;4;0;D9
;jp c,nn;3;10;0;DAXXXX
;in a,(n);2;11;0;DBXX
;call c,nn;3;17;10;DCXXXX
;Lookup DD;0;0;0;DD
;sbc a,n;2;7;0;DEXX
;rst 18h;1;11;0;DF
;ret po;1;11;5;E0
;pop hl;1;10;0;E1
;jp po,nn;3;10;0;E2XXXX
;ex (sp),hl;1;19;0;E3
;call po,nn;3;17;10;E4XXXX
;push hl;1;11;0;E5
;and n;2;7;0;E6XX
;rst 20h;1;11;0;E7
;ret pe;1;11;5;E8
;jp hl;1;4;0;E9
;jp pe,nn;3;10;0;EAXXXX
;ex de,hl;1;4;0;EB
;call pe,nn;3;17;10;ECXXXX
;Lookup ED;0;0;0;ED
;xor n;2;7;0;EEXX
;rst 28h;1;11;0;EF
;ret p;1;11;5;F0
;pop af;1;10;0;F1
;jp p,nn;3;10;0;F2XXXX
;di;1;4;0;F3
;call p,nn;3;17;10;F4XXXX
;push af;1;11;0;F5
;or n;2;7;0;F6XX
;rst 30h;1;11;0;F7
;ret m;1;11;5;F8
;ld sp,hl;1;6;0;F9
;jp m,nn;3;10;0;FAXXXX
;ei;1;4;0;FB
;call m,nn;3;17;10;FCXXXX
;Lookup FD;0;0;0;FD
;cp n;2;7;0;FEXX
;rst 38h;1;11;0;FF
CB;rlc b;2;8;0;CB00
CB;rlc c;2;8;0;CB01
CB;rlc d;2;8;0;CB02
CB;rlc e;2;8;0;CB03
CB;rlc h;2;8;0;CB04
CB;rlc l;2;8;0;CB05
CB;rlc (hl);2;15;0;CB06
CB;rlc a;2;8;0;CB07
CB;rrc b;2;8;0;CB08
CB;rrc c;2;8;0;CB09
CB;rrc d;2;8;0;CB0A
CB;rrc e;2;8;0;CB0B
CB;rrc h;2;8;0;CB0C
CB;rrc l;2;8;0;CB0D
CB;rrc (hl);2;15;0;CB0E
CB;rrc a;2;8;0;CB0F
CB;rl b;2;8;0;CB10
CB;rl c;2;8;0;CB11
CB;rl d;2;8;0;CB12
CB;rl e;2;8;0;CB13
CB;rl h;2;8;0;CB14
CB;rl l;2;8;0;CB15
CB;rl (hl);2;15;0;CB16
CB;rl a;2;8;0;CB17
CB;rr b;2;8;0;CB18
CB;rr c;2;8;0;CB19
CB;rr d;2;8;0;CB1A
CB;rr e;2;8;0;CB1B
CB;rr h;2;8;0;CB1C
CB;rr l;2;8;0;CB1D
CB;rr (hl);2;15;0;CB1E
CB;rr a;2;8;0;CB1F
CB;sla b;2;8;0;CB20
CB;sla c;2;8;0;CB21
CB;sla d;2;8;0;CB22
CB;sla e;2;8;0;CB23
CB;sla h;2;8;0;CB24
CB;sla l;2;8;0;CB25
CB;sla (hl);2;15;0;CB26
CB;sla a;2;8;0;CB27
CB;sra b;2;8;0;CB28
CB;sra c;2;8;0;CB29
CB;sra d;2;8;0;CB2A
CB;sra e;2;8;0;CB2B
CB;sra h;2;8;0;CB2C
CB;sra l;2;8;0;CB2D
CB;sra (hl);2;15;0;CB2E
CB;sra a;2;8;0;CB2F
CB;sll b;2;8;0;CB30
CB;sll c;2;8;0;CB31
CB;sll d;2;8;0;CB32
CB;sll e;2;8;0;CB33
CB;sll h;2;8;0;CB34
CB;sll l;2;8;0;CB35
CB;sll (hl);2;15;0;CB36
CB;sll a;2;8;0;CB37
CB;srl b;2;8;0;CB38
CB;srl c;2;8;0;CB39
CB;srl d;2;8;0;CB3A
CB;srl e;2;8;0;CB3B
CB;srl h;2;8;0;CB3C
CB;srl l;2;8;0;CB3D
CB;srl (hl);2;15;0;CB3E
CB;srl a;2;8;0;CB3F
CB;bit 0,b;2;8;0;CB40
CB;bit 0,c;2;8;0;CB41
CB;bit 0,d;2;8;0;CB42
CB;bit 0,e;2;8;0;CB43
CB;bit 0,h;2;8;0;CB44
CB;bit 0,l;2;8;0;CB45
CB;bit 0,(hl);2;12;0;CB46
CB;bit 0,a;2;8;0;CB47
CB;bit 1,b;2;8;0;CB48
CB;bit 1,c;2;8;0;CB49
CB;bit 1,d;2;8;0;CB4A
CB;bit 1,e;2;8;0;CB4B
CB;bit 1,h;2;8;0;CB4C
CB;bit 1,l;2;8;0;CB4D
CB;bit 1,(hl);2;12;0;CB4E
CB;bit 1,a;2;8;0;CB4F
CB;bit 2,b;2;8;0;CB50
CB;bit 2,c;2;8;0;CB51
CB;bit 2,d;2;8;0;CB52
CB;bit 2,e;2;8;0;CB53
CB;bit 2,h;2;8;0;CB54
CB;bit 2,l;2;8;0;CB55
CB;bit 2,(hl);2;12;0;CB56
CB;bit 2,a;2;8;0;CB57
CB;bit 3,b;2;8;0;CB58
CB;bit 3,c;2;8;0;CB59
CB;bit 3,d;2;8;0;CB5A
CB;bit 3,e;2;8;0;CB5B
CB;bit 3,h;2;8;0;CB5C
CB;bit 3,l;2;8;0;CB5D
CB;bit 3,(hl);2;12;0;CB5E
CB;bit 3,a;2;8;0;CB5F
CB;bit 4,b;2;8;0;CB60
CB;bit 4,c;2;8;0;CB61
CB;bit 4,d;2;8;0;CB62
CB;bit 4,e;2;8;0;CB63
CB;bit 4,h;2;8;0;CB64
CB;bit 4,l;2;8;0;CB65
CB;bit 4,(hl);2;12;0;CB66
CB;bit 4,a;2;8;0;CB67
CB;bit 5,b;2;8;0;CB68
CB;bit 5,c;2;8;0;CB69
CB;bit 5,d;2;8;0;CB6A
CB;bit 5,e;2;8;0;CB6B
CB;bit 5,h;2;8;0;CB6C
CB;bit 5,l;2;8;0;CB6D
CB;bit 5,(hl);2;12;0;CB6E
CB;bit 5,a;2;8;0;CB6F
CB;bit 6,b;2;8;0;CB70
CB;bit 6,c;2;8;0;CB71
CB;bit 6,d;2;8;0;CB72
CB;bit 6,e;2;8;0;CB73
CB;bit 6,h;2;8;0;CB74
CB;bit 6,l;2;8;0;CB75
CB;bit 6,(hl);2;12;0;CB76
CB;bit 6,a;2;8;0;CB77
CB;bit 7,b;2;8;0;CB78
CB;bit 7,c;2;8;0;CB79
CB;bit 7,d;2;8;0;CB7A
CB;bit 7,e;2;8;0;CB7B
CB;bit 7,h;2;8;0;CB7C
CB;bit 7,l;2;8;0;CB7D
CB;bit 7,(hl);2;12;0;CB7E
CB;bit 7,a;2;8;0;CB7F
CB;res 0,b;2;8;0;CB80
CB;res 0,c;2;8;0;CB81
CB;res 0,d;2;8;0;CB82
CB;res 0,e;2;8;0;CB83
CB;res 0,h;2;8;0;CB84
CB;res 0,l;2;8;0;CB85
CB;res 0,(hl);2;15;0;CB86
CB;res 0,a;2;8;0;CB87
CB;res 1,b;2;8;0;CB88
CB;res 1,c;2;8;0;CB89
CB;res 1,d;2;8;0;CB8A
CB;res 1,e;2;8;0;CB8B
CB;res 1,h;2;8;0;CB8C
CB;res 1,l;2;8;0;CB8D
CB;res 1,(hl);2;15;0;CB8E
CB;res 1,a;2;8;0;CB8F
CB;res 2,b;2;8;0;CB90
CB;res 2,c;2;8;0;CB91
CB;res 2,d;2;8;0;CB92
CB;res 2,e;2;8;0;CB93
CB;res 2,h;2;8;0;CB94
CB;res 2,l;2;8;0;CB95
CB;res 2,(hl);2;15;0;CB96
CB;res 2,a;2;8;0;CB97
CB;res 3,b;2;8;0;CB98
CB;res 3,c;2;8;0;CB99
CB;res 3,d;2;8;0;CB9A
CB;res 3,e;2;8;0;CB9B
CB;res 3,h;2;8;0;CB9C
CB;res 3,l;2;8;0;CB9D
CB;res 3,(hl);2;15;0;CB9E
CB;res 3,a;2;8;0;CB9F
CB;res 4,b;2;8;0;CBA0
CB;res 4,c;2;8;0;CBA1
CB;res 4,d;2;8;0;CBA2
CB;res 4,e;2;8;0;CBA3
CB;res 4,h;2;8;0;CBA4
CB;res 4,l;2;8;0;CBA5
CB;res 4,(hl);2;15;0;CBA6
CB;res 4,a;2;8;0;CBA7
CB;res 5,b;2;8;0;CBA8
CB;res 5,c;2;8;0;CBA9
CB;res 5,d;2;8;0;CBAA
CB;res 5,e;2;8;0;CBAB
CB;res 5,h;2;8;0;CBAC
CB;res 5,l;2;8;0;CBAD
CB;res 5,(hl);2;15;0;CBAE
CB;res 5,a;2;8;0;CBAF
CB;res 6,b;2;8;0;CBB0
CB;res 6,c;2;8;0;CBB1
CB;res 6,d;2;8;0;CBB2
CB;res 6,e;2;8;0;CBB3
CB;res 6,h;2;8;0;CBB4
CB;res 6,l;2;8;0;CBB5
CB;res 6,(hl);2;15;0;CBB6
CB;res 6,a;2;8;0;CBB7
CB;res 7,b;2;8;0;CBB8
CB;res 7,c;2;8;0;CBB9
CB;res 7,d;2;8;0;CBBA
CB;res 7,e;2;8;0;CBBB
CB;res 7,h;2;8;0;CBBC
CB;res 7,l;2;8;0;CBBD
CB;res 7,(hl);2;15;0;CBBE
CB;res 7,a;2;8;0;CBBF
CB;set 0,b;2;8;0;CBC0
CB;set 0,c;2;8;0;CBC1
CB;set 0,d;2;8;0;CBC2
CB;set 0,e;2;8;0;CBC3
CB;set 0,h;2;8;0;CBC4
CB;set 0,l;2;8;0;CBC5
CB;set 0,(hl);2;15;0;CBC6
CB;set 0,a;2;8;0;CBC7
CB;set 1,b;2;8;0;CBC8
CB;set 1,c;2;8;0;CBC9
CB;set 1,d;2;8;0;CBCA
CB;set 1,e;2;8;0;CBCB
CB;set 1,h;2;8;0;CBCC
CB;set 1,l;2;8;0;CBCD
CB;set 1,(hl);2;15;0;CBCE
CB;set 1,a;2;8;0;CBCF
CB;set 2,b;2;8;0;CBD0
CB;set 2,c;2;8;0;CBD1
CB;set 2,d;2;8;0;CBD2
CB;set 2,e;2;8;0;CBD3
CB;set 2,h;2;8;0;CBD4
CB;set 2,l;2;8;0;CBD5
CB;set 2,(hl);2;15;0;CBD6
CB;set 2,a;2;8;0;CBD7
CB;set 3,b;2;8;0;CBD8
CB;set 3,c;2;8;0;CBD9
CB;set 3,d;2;8;0;CBDA
CB;set 3,e;2;8;0;CBDB
CB;set 3,h;2;8;0;CBDC
CB;set 3,l;2;8;0;CBDD
CB;set 3,(hl);2;15;0;CBDE
CB;set 3,a;2;8;0;CBDF
CB;set 4,b;2;8;0;CBE0
CB;set 4,c;2;8;0;CBE1
CB;set 4,d;2;8;0;CBE2
CB;set 4,e;2;8;0;CBE3
CB;set 4,h;2;8;0;CBE4
CB;set 4,l;2;8;0;CBE5
CB;set 4,(hl);2;15;0;CBE6
CB;set 4,a;2;8;0;CBE7
CB;set 5,b;2;8;0;CBE8
CB;set 5,c;2;8;0;CBE9
CB;set 5,d;2;8;0;CBEA
CB;set 5,e;2;8;0;CBEB
CB;set 5,h;2;8;0;CBEC
CB;set 5,l;2;8;0;CBED
CB;set 5,(hl);2;15;0;CBEE
CB;set 5,a;2;8;0;CBEF
CB;set 6,b;2;8;0;CBF0
CB;set 6,c;2;8;0;CBF1
CB;set 6,d;2;8;0;CBF2
CB;set 6,e;2;8;0;CBF3
CB;set 6,h;2;8;0;CBF4
CB;set 6,l;2;8;0;CBF5
CB;set 6,(hl);2;15;0;CBF6
CB;set 6,a;2;8;0;CBF7
CB;set 7,b;2;8;0;CBF8
CB;set 7,c;2;8;0;CBF9
CB;set 7,d;2;8;0;CBFA
CB;set 7,e;2;8;0;CBFB
CB;set 7,h;2;8;0;CBFC
CB;set 7,l;2;8;0;CBFD
CB;set 7,(hl);2;15;0;CBFE
CB;set 7,a;2;8;0;CBFF
DD;inc b;2;8;0;DD04
DD;dec b;2;8;0;DD05
DD;ld b,n;3;11;0;DD06XX
DD;add ix,bc;2;15;0;DD09
DD;inc c;2;8;0;DD0C
DD;dec c;2;8;0;DD0D
DD;ld c,n;3;11;0;DD0EXX
DD;inc d;2;8;0;DD14
DD;dec d;2;8;0;DD15
DD;ld d,n;3;11;0;DD16XX
DD;add ix,de;2;15;0;DD19
DD;inc e;2;8;0;DD1C
DD;dec e;2;8;0;DD1D
DD;ld e,n;3;11;0;DD1EXX
DD;ld ix,nn;4;14;0;DD21XXXX
DD;ld (nn),ix;4;20;0;DD22XXXX
DD;inc ix;2;10;0;DD23
DD;inc ixh;2;8;0;DD24
DD;dec ixh;2;8;0;DD25
DD;ld ixh,n;3;11;0;DD26XX
DD;add ix,ix;2;15;0;DD29
DD;ld ix,(nn);4;20;0;DD2AXXXX
DD;dec ix;2;10;0;DD2B
DD;inc ixl;2;8;0;DD2C
DD;dec ixl;2;8;0;DD2D
DD;ld ixl,n;3;11;0;DD2EXX
DD;inc (ix+d);3;23;0;DD34XX
DD;dec (ix+d);3;23;0;DD35XX
DD;ld (ix+d),n;4;19;0;DD36XXXX
DD;add ix,sp;2;15;0;DD39
DD;inc a;2;8;0;DD3C
DD;dec a;2;8;0;DD3D
DD;ld a,n;3;11;0;DD3EXX
DD;ld b,b;2;8;0;DD40
DD;ld b,c;2;8;0;DD41
DD;ld b,d;2;8;0;DD42
DD;ld b,e;2;8;0;DD43
DD;ld b,ixh;2;8;0;DD44
DD;ld b,ixl;2;8;0;DD45
DD;ld b,(ix+d);3;19;0;DD46XX
DD;ld b,a;2;8;0;DD47
DD;ld c,b;2;8;0;DD48
DD;ld c,c;2;8;0;DD49
DD;ld c,d;2;8;0;DD4A
DD;ld c,e;2;8;0;DD4B
DD;ld c,ixh;2;8;0;DD4C
DD;ld c,ixl;2;8;0;DD4D
DD;ld c,(ix+d);3;19;0;DD4EXX
DD;ld c,a;2;8;0;DD4F
DD;ld d,b;2;8;0;DD50
DD;ld d,c;2;8;0;DD51
DD;ld d,d;2;8;0;DD52
DD;ld d,e;2;8;0;DD53
DD;ld d,ixh;2;8;0;DD54
DD;ld d,ixl;2;8;0;DD55
DD;ld d,(ix+d);3;19;0;DD56XX
DD;ld d,a;2;8;0;DD57
DD;ld e,b;2;8;0;DD58
DD;ld e,c;2;8;0;DD59
DD;ld e,d;2;8;0;DD5A
DD;ld e,e;2;8;0;DD5B
DD;ld e,ixh;2;8;0;DD5C
DD;ld e,ixl;2;8;0;DD5D
DD;ld e,(ix+d);3;19;0;DD5EXX
DD;ld e,a;2;8;0;DD5F
DD;ld ixh,b;2;8;0;DD60
DD;ld ixh,c;2;8;0;DD61
DD;ld ixh,d;2;8;0;DD62
DD;ld ixh,e;2;8;0;DD63
DD;ld ixh,ixh;2;8;0;DD64
DD;ld ixh,ixl;2;8;0;DD65
DD;ld h,(ix+d);3;19;0;DD66XX
DD;ld ixh,a;2;8;0;DD67
DD;ld ixl,b;2;8;0;DD68
DD;ld ixl,c;2;8;0;DD69
DD;ld ixl,d;2;8;0;DD6A
DD;ld ixl,e;2;8;0;DD6B
DD;ld ixl,ixh;2;8;0;DD6C
DD;ld ixl,ixl;2;8;0;DD6D
DD;ld l,(ix+d);3;19;0;DD6EXX
DD;ld ixl,a;2;8;0;DD6F
DD;ld (ix+d),b;3;19;0;DD70XX
DD;ld (ix+d),c;3;19;0;DD71XX
DD;ld (ix+d),d;3;19;0;DD72XX
DD;ld (ix+d),e;3;19;0;DD73XX
DD;ld (ix+d),h;3;19;0;DD74XX
DD;ld (ix+d),l;3;19;0;DD75XX
DD;ld (ix+d),a;3;19;0;DD77XX
DD;ld a,b;2;8;0;DD78
DD;ld a,c;2;8;0;DD79
DD;ld a,d;2;8;0;DD7A
DD;ld a,e;2;8;0;DD7B
DD;ld a,ixh;2;8;0;DD7C
DD;ld a,ixl;2;8;0;DD7D
DD;ld a,(ix+d);3;19;0;DD7EXX
DD;ld a,a;2;8;0;DD7F
DD;add a,b;2;8;0;DD80
DD;add a,c;2;8;0;DD81
DD;add a,d;2;8;0;DD82
DD;add a,e;2;8;0;DD83
DD;add a,ixh;2;8;0;DD84
DD;add a,ixl;2;8;0;DD85
DD;add a,(ix+d);3;19;0;DD86XX
DD;add a,a;2;8;0;DD87
DD;adc a,b;2;8;0;DD88
DD;adc a,c;2;8;0;DD89
DD;adc a,d;2;8;0;DD8A
DD;adc a,e;2;8;0;DD8B
DD;adc a,ixh;2;8;0;DD8C
DD;adc a,ixl;2;8;0;DD8D
DD;adc a,(ix+d);3;19;0;DD8EXX
DD;adc a,a;2;8;0;DD8F
DD;sub b;2;8;0;DD90
DD;sub c;2;8;0;DD91
DD;sub d;2;8;0;DD92
DD;sub e;2;8;0;DD93
DD;sub ixh;2;8;0;DD94
DD;sub ixl;2;8;0;DD95
DD;sub (ix+d);3;19;0;DD96XX
DD;sub a;2;8;0;DD97
DD;sbc a,b;2;8;0;DD98
DD;sbc a,c;2;8;0;DD99
DD;sbc a,d;2;8;0;DD9A
DD;sbc a,e;2;8;0;DD9B
DD;sbc a,ixh;2;8;0;DD9C
DD;sbc a,ixl;2;8;0;DD9D
DD;sbc a,(ix+d);3;19;0;DD9EXX
DD;sbc a,a;2;8;0;DD9F
DD;and b;2;8;0;DDA0
DD;and c;2;8;0;DDA1
DD;and d;2;8;0;DDA2
DD;and e;2;8;0;DDA3
DD;and ixh;2;8;0;DDA4
DD;and ixl;2;8;0;DDA5
DD;and (ix+d);3;19;0;DDA6XX
DD;and a;2;8;0;DDA7
DD;xor b;2;8;0;DDA8
DD;xor c;2;8;0;DDA9
DD;xor d;2;8;0;DDAA
DD;xor e;2;8;0;DDAB
DD;xor ixh;2;8;0;DDAC
DD;xor ixl;2;8;0;DDAD
DD;xor (ix+d);3;19;0;DDAEXX
DD;xor a;2;8;0;DDAF
DD;or b;2;8;0;DDB0
DD;or c;2;8;0;DDB1
DD;or d;2;8;0;DDB2
DD;or e;2;8;0;DDB3
DD;or ixh;2;8;0;DDB4
DD;or ixl;2;8;0;DDB5
DD;or (ix+d);3;19;0;DDB6XX
DD;or a;2;8;0;DDB7
DD;cp b;2;8;0;DDB8
DD;cp c;2;8;0;DDB9
DD;cp d;2;8;0;DDBA
DD;cp e;2;8;0;DDBB
DD;cp ixh;2;8;0;DDBC
DD;cp ixl;2;8;0;DDBD
DD;cp (ix+d);3;19;0;DDBEXX
DD;cp a;2;8;0;DDBF
DD;Lookup DDCB;0;0;0;DDCB
DD;pop ix;2;14;0;DDE1
DD;ex (sp),ix;2;23;0;DDE3
DD;push ix;2;15;0;DDE5
DD;jp (ix);2;8;0;DDE9
DD;ld sp,ix;2;10;0;DDF9
DDCB;rlc (ix+d),b;4;23;0;DDCBXX00
DDCB;rlc (ix+d),c;4;23;0;DDCBXX01
DDCB;rlc (ix+d),d;4;23;0;DDCBXX02
DDCB;rlc (ix+d),e;4;23;0;DDCBXX03
DDCB;rlc (ix+d),h;4;23;0;DDCBXX04
DDCB;rlc (ix+d),l;4;23;0;DDCBXX05
DDCB;rlc (ix+d);4;23;0;DDCBXX06
DDCB;rlc (ix+d),a;4;23;0;DDCBXX07
DDCB;rrc (ix+d),b;4;23;0;DDCBXX08
DDCB;rrc (ix+d),c;4;23;0;DDCBXX09
DDCB;rrc (ix+d),d;4;23;0;DDCBXX0A
DDCB;rrc (ix+d),e;4;23;0;DDCBXX0B
DDCB;rrc (ix+d),h;4;23;0;DDCBXX0C
DDCB;rrc (ix+d),l;4;23;0;DDCBXX0D
DDCB;rrc (ix+d);4;23;0;DDCBXX0E
DDCB;rrc (ix+d),a;4;23;0;DDCBXX0F
DDCB;rl (ix+d),b;4;23;0;DDCBXX10
DDCB;rl (ix+d),c;4;23;0;DDCBXX11
DDCB;rl (ix+d),d;4;23;0;DDCBXX12
DDCB;rl (ix+d),e;4;23;0;DDCBXX13
DDCB;rl (ix+d),h;4;23;0;DDCBXX14
DDCB;rl (ix+d),l;4;23;0;DDCBXX15
DDCB;rl (ix+d);4;23;0;DDCBXX16
DDCB;rl (ix+d),a;4;23;0;DDCBXX17
DDCB;rr (ix+d),b;4;23;0;DDCBXX18
DDCB;rr (ix+d),c;4;23;0;DDCBXX19
DDCB;rr (ix+d),d;4;23;0;DDCBXX1A
DDCB;rr (ix+d),e;4;23;0;DDCBXX1B
DDCB;rr (ix+d),h;4;23;0;DDCBXX1C
DDCB;rr (ix+d),l;4;23;0;DDCBXX1D
DDCB;rr (ix+d);4;23;0;DDCBXX1E
DDCB;rr (ix+d),a;4;23;0;DDCBXX1F
DDCB;sla (ix+d),b;4;23;0;DDCBXX20
DDCB;sla (ix+d),c;4;23;0;DDCBXX21
DDCB;sla (ix+d),d;4;23;0;DDCBXX22
DDCB;sla (ix+d),e;4;23;0;DDCBXX23
DDCB;sla (ix+d),h;4;23;0;DDCBXX24
DDCB;sla (ix+d),l;4;23;0;DDCBXX25
DDCB;sla (ix+d);4;23;0;DDCBXX26
DDCB;sla (ix+d),a;4;23;0;DDCBXX27
DDCB;sra (ix+d),b;4;23;0;DDCBXX28
DDCB;sra (ix+d),c;4;23;0;DDCBXX29
DDCB;sra (ix+d),d;4;23;0;DDCBXX2A
DDCB;sra (ix+d),e;4;23;0;DDCBXX2B
DDCB;sra (ix+d),h;4;23;0;DDCBXX2C
DDCB;sra (ix+d),l;4;23;0;DDCBXX2D
DDCB;sra (ix+d);4;23;0;DDCBXX2E
DDCB;sra (ix+d),a;4;23;0;DDCBXX2F
DDCB;sll (ix+d),b;4;23;0;DDCBXX30
DDCB;sll (ix+d),c;4;23;0;DDCBXX31
DDCB;sll (ix+d),d;4;23;0;DDCBXX32
DDCB;sll (ix+d),e;4;23;0;DDCBXX33
DDCB;sll (ix+d),h;4;23;0;DDCBXX34
DDCB;sll (ix+d),l;4;23;0;DDCBXX35
DDCB;sll (ix+d);4;23;0;DDCBXX36
DDCB;sll (ix+d),a;4;23;0;DDCBXX37
DDCB;srl (ix+d),b;4;23;0;DDCBXX38
DDCB;srl (ix+d),c;4;23;0;DDCBXX39
DDCB;srl (ix+d),d;4;23;0;DDCBXX3A
DDCB;srl (ix+d),e;4;23;0;DDCBXX3B
DDCB;srl (ix+d),h;4;23;0;DDCBXX3C
DDCB;srl (ix+d),l;4;23;0;DDCBXX3D
DDCB;srl (ix+d);4;23;0;DDCBXX3E
DDCB;srl (ix+d),a;4;23;0;DDCBXX3F
DDCB;bit 0,(ix+d);4;20;0;DDCBXX40
DDCB;bit 0,(ix+d);4;20;0;DDCBXX41
DDCB;bit 0,(ix+d);4;20;0;DDCBXX42
DDCB;bit 0,(ix+d);4;20;0;DDCBXX43
DDCB;bit 0,(ix+d);4;20;0;DDCBXX44
DDCB;bit 0,(ix+d);4;20;0;DDCBXX45
DDCB;bit 0,(ix+d);4;20;0;DDCBXX46
DDCB;bit 0,(ix+d);4;20;0;DDCBXX47
DDCB;bit 1,(ix+d);4;20;0;DDCBXX48
DDCB;bit 1,(ix+d);4;20;0;DDCBXX49
DDCB;bit 1,(ix+d);4;20;0;DDCBXX4A
DDCB;bit 1,(ix+d);4;20;0;DDCBXX4B
DDCB;bit 1,(ix+d);4;20;0;DDCBXX4C
DDCB;bit 1,(ix+d);4;20;0;DDCBXX4D
DDCB;bit 1,(ix+d);4;20;0;DDCBXX4E
DDCB;bit 1,(ix+d);4;20;0;DDCBXX4F
DDCB;bit 2,(ix+d);4;20;0;DDCBXX50
DDCB;bit 2,(ix+d);4;20;0;DDCBXX51
DDCB;bit 2,(ix+d);4;20;0;DDCBXX52
DDCB;bit 2,(ix+d);4;20;0;DDCBXX53
DDCB;bit 2,(ix+d);4;20;0;DDCBXX54
DDCB;bit 2,(ix+d);4;20;0;DDCBXX55
DDCB;bit 2,(ix+d);4;20;0;DDCBXX56
DDCB;bit 2,(ix+d);4;20;0;DDCBXX57
DDCB;bit 3,(ix+d);4;20;0;DDCBXX58
DDCB;bit 3,(ix+d);4;20;0;DDCBXX59
DDCB;bit 3,(ix+d);4;20;0;DDCBXX5A
DDCB;bit 3,(ix+d);4;20;0;DDCBXX5B
DDCB;bit 3,(ix+d);4;20;0;DDCBXX5C
DDCB;bit 3,(ix+d);4;20;0;DDCBXX5D
DDCB;bit 3,(ix+d);4;20;0;DDCBXX5E
DDCB;bit 3,(ix+d);4;20;0;DDCBXX5F
DDCB;bit 4,(ix+d);4;20;0;DDCBXX60
DDCB;bit 4,(ix+d);4;20;0;DDCBXX61
DDCB;bit 4,(ix+d);4;20;0;DDCBXX62
DDCB;bit 4,(ix+d);4;20;0;DDCBXX63
DDCB;bit 4,(ix+d);4;20;0;DDCBXX64
DDCB;bit 4,(ix+d);4;20;0;DDCBXX65
DDCB;bit 4,(ix+d);4;20;0;DDCBXX66
DDCB;bit 4,(ix+d);4;20;0;DDCBXX67
DDCB;bit 5,(ix+d);4;20;0;DDCBXX68
DDCB;bit 5,(ix+d);4;20;0;DDCBXX69
DDCB;bit 5,(ix+d);4;20;0;DDCBXX6A
DDCB;bit 5,(ix+d);4;20;0;DDCBXX6B
DDCB;bit 5,(ix+d);4;20;0;DDCBXX6C
DDCB;bit 5,(ix+d);4;20;0;DDCBXX6D
DDCB;bit 5,(ix+d);4;20;0;DDCBXX6E
DDCB;bit 5,(ix+d);4;20;0;DDCBXX6F
DDCB;bit 6,(ix+d);4;20;0;DDCBXX70
DDCB;bit 6,(ix+d);4;20;0;DDCBXX71
DDCB;bit 6,(ix+d);4;20;0;DDCBXX72
DDCB;bit 6,(ix+d);4;20;0;DDCBXX73
DDCB;bit 6,(ix+d);4;20;0;DDCBXX74
DDCB;bit 6,(ix+d);4;20;0;DDCBXX75
DDCB;bit 6,(ix+d);4;20;0;DDCBXX76
DDCB;bit 6,(ix+d);4;20;0;DDCBXX77
DDCB;bit 7,(ix+d);4;20;0;DDCBXX78
DDCB;bit 7,(ix+d);4;20;0;DDCBXX79
DDCB;bit 7,(ix+d);4;20;0;DDCBXX7A
DDCB;bit 7,(ix+d);4;20;0;DDCBXX7B
DDCB;bit 7,(ix+d);4;20;0;DDCBXX7C
DDCB;bit 7,(ix+d);4;20;0;DDCBXX7D
DDCB;bit 7,(ix+d);4;20;0;DDCBXX7E
DDCB;bit 7,(ix+d);4;20;0;DDCBXX7F
DDCB;res 0,(ix+d),b;4;23;0;DDCBXX80
DDCB;res 0,(ix+d),c;4;23;0;DDCBXX81
DDCB;res 0,(ix+d),d;4;23;0;DDCBXX82
DDCB;res 0,(ix+d),e;4;23;0;DDCBXX83
DDCB;res 0,(ix+d),h;4;23;0;DDCBXX84
DDCB;res 0,(ix+d),l;4;23;0;DDCBXX85
DDCB;res 0,(ix+d);4;23;0;DDCBXX86
DDCB;res 0,(ix+d),a;4;23;0;DDCBXX87
DDCB;res 1,(ix+d),b;4;23;0;DDCBXX88
DDCB;res 1,(ix+d),c;4;23;0;DDCBXX89
DDCB;res 1,(ix+d),d;4;23;0;DDCBXX8A
DDCB;res 1,(ix+d),e;4;23;0;DDCBXX8B
DDCB;res 1,(ix+d),h;4;23;0;DDCBXX8C
DDCB;res 1,(ix+d),l;4;23;0;DDCBXX8D
DDCB;res 1,(ix+d);4;23;0;DDCBXX8E
DDCB;res 1,(ix+d),a;4;23;0;DDCBXX8F
DDCB;res 2,(ix+d),b;4;23;0;DDCBXX90
DDCB;res 2,(ix+d),c;4;23;0;DDCBXX91
DDCB;res 2,(ix+d),d;4;23;0;DDCBXX92
DDCB;res 2,(ix+d),e;4;23;0;DDCBXX93
DDCB;res 2,(ix+d),h;4;23;0;DDCBXX94
DDCB;res 2,(ix+d),l;4;23;0;DDCBXX95
DDCB;res 2,(ix+d);4;23;0;DDCBXX96
DDCB;res 2,(ix+d),a;4;23;0;DDCBXX97
DDCB;res 3,(ix+d),b;4;23;0;DDCBXX98
DDCB;res 3,(ix+d),c;4;23;0;DDCBXX99
DDCB;res 3,(ix+d),d;4;23;0;DDCBXX9A
DDCB;res 3,(ix+d),e;4;23;0;DDCBXX9B
DDCB;res 3,(ix+d),h;4;23;0;DDCBXX9C
DDCB;res 3,(ix+d),l;4;23;0;DDCBXX9D
DDCB;res 3,(ix+d);4;23;0;DDCBXX9E
DDCB;res 3,(ix+d),a;4;23;0;DDCBXX9F
DDCB;res 4,(ix+d),b;4;23;0;DDCBXXA0
DDCB;res 4,(ix+d),c;4;23;0;DDCBXXA1
DDCB;res 4,(ix+d),d;4;23;0;DDCBXXA2
DDCB;res 4,(ix+d),e;4;23;0;DDCBXXA3
DDCB;res 4,(ix+d),h;4;23;0;DDCBXXA4
DDCB;res 4,(ix+d),l;4;23;0;DDCBXXA5
DDCB;res 4,(ix+d);4;23;0;DDCBXXA6
DDCB;res 4,(ix+d),a;4;23;0;DDCBXXA7
DDCB;res 5,(ix+d),b;4;23;0;DDCBXXA8
DDCB;res 5,(ix+d),c;4;23;0;DDCBXXA9
DDCB;res 5,(ix+d),d;4;23;0;DDCBXXAA
DDCB;res 5,(ix+d),e;4;23;0;DDCBXXAB
DDCB;res 5,(ix+d),h;4;23;0;DDCBXXAC
DDCB;res 5,(ix+d),l;4;23;0;DDCBXXAD
DDCB;res 5,(ix+d);4;23;0;DDCBXXAE
DDCB;res 5,(ix+d),a;4;23;0;DDCBXXAF
DDCB;res 6,(ix+d),b;4;23;0;DDCBXXB0
DDCB;res 6,(ix+d),c;4;23;0;DDCBXXB1
DDCB;res 6,(ix+d),d;4;23;0;DDCBXXB2
DDCB;res 6,(ix+d),e;4;23;0;DDCBXXB3
DDCB;res 6,(ix+d),h;4;23;0;DDCBXXB4
DDCB;res 6,(ix+d),l;4;23;0;DDCBXXB5
DDCB;res 6,(ix+d);4;23;0;DDCBXXB6
DDCB;res 6,(ix+d),a;4;23;0;DDCBXXB7
DDCB;res 7,(ix+d),b;4;23;0;DDCBXXB8
DDCB;res 7,(ix+d),c;4;23;0;DDCBXXB9
DDCB;res 7,(ix+d),d;4;23;0;DDCBXXBA
DDCB;res 7,(ix+d),e;4;23;0;DDCBXXBB
DDCB;res 7,(ix+d),h;4;23;0;DDCBXXBC
DDCB;res 7,(ix+d),l;4;23;0;DDCBXXBD
DDCB;res 7,(ix+d);4;23;0;DDCBXXBE
DDCB;res 7,(ix+d),a;4;23;0;DDCBXXBF
DDCB;set 0,(ix+d),b;4;23;0;DDCBXXC0
DDCB;set 0,(ix+d),c;4;23;0;DDCBXXC1
DDCB;set 0,(ix+d),d;4;23;0;DDCBXXC2
DDCB;set 0,(ix+d),e;4;23;0;DDCBXXC3
DDCB;set 0,(ix+d),h;4;23;0;DDCBXXC4
DDCB;set 0,(ix+d),l;4;23;0;DDCBXXC5
DDCB;set 0,(ix+d);4;23;0;DDCBXXC6
DDCB;set 0,(ix+d),a;4;23;0;DDCBXXC7
DDCB;set 1,(ix+d),b;4;23;0;DDCBXXC8
DDCB;set 1,(ix+d),c;4;23;0;DDCBXXC9
DDCB;set 1,(ix+d),d;4;23;0;DDCBXXCA
DDCB;set 1,(ix+d),e;4;23;0;DDCBXXCB
DDCB;set 1,(ix+d),h;4;23;0;DDCBXXCC
DDCB;set 1,(ix+d),l;4;23;0;DDCBXXCD
DDCB;set 1,(ix+d);4;23;0;DDCBXXCE
DDCB;set 1,(ix+d),a;4;23;0;DDCBXXCF
DDCB;set 2,(ix+d),b;4;23;0;DDCBXXD0
DDCB;set 2,(ix+d),c;4;23;0;DDCBXXD1
DDCB;set 2,(ix+d),d;4;23;0;DDCBXXD2
DDCB;set 2,(ix+d),e;4;23;0;DDCBXXD3
DDCB;set 2,(ix+d),h;4;23;0;DDCBXXD4
DDCB;set 2,(ix+d),l;4;23;0;DDCBXXD5
DDCB;set 2,(ix+d);4;23;0;DDCBXXD6
DDCB;set 2,(ix+d),a;4;23;0;DDCBXXD7
DDCB;set 3,(ix+d),b;4;23;0;DDCBXXD8
DDCB;set 3,(ix+d),c;4;23;0;DDCBXXD9
DDCB;set 3,(ix+d),d;4;23;0;DDCBXXDA
DDCB;set 3,(ix+d),e;4;23;0;DDCBXXDB
DDCB;set 3,(ix+d),h;4;23;0;DDCBXXDC
DDCB;set 3,(ix+d),l;4;23;0;DDCBXXDD
DDCB;set 3,(ix+d);4;23;0;DDCBXXDE
DDCB;set 3,(ix+d),a;4;23;0;DDCBXXDF
DDCB;set 4,(ix+d),b;4;23;0;DDCBXXE0
DDCB;set 4,(ix+d),c;4;23;0;DDCBXXE1
DDCB;set 4,(ix+d),d;4;23;0;DDCBXXE2
DDCB;set 4,(ix+d),e;4;23;0;DDCBXXE3
DDCB;set 4,(ix+d),h;4;23;0;DDCBXXE4
DDCB;set 4,(ix+d),l;4;23;0;DDCBXXE5
DDCB;set 4,(ix+d);4;23;0;DDCBXXE6
DDCB;set 4,(ix+d),a;4;23;0;DDCBXXE7
DDCB;set 5,(ix+d),b;4;23;0;DDCBXXE8
DDCB;set 5,(ix+d),c;4;23;0;DDCBXXE9
DDCB;set 5,(ix+d),d;4;23;0;DDCBXXEA
DDCB;set 5,(ix+d),e;4;23;0;DDCBXXEB
DDCB;set 5,(ix+d),h;4;23;0;DDCBXXEC
DDCB;set 5,(ix+d),l;4;23;0;DDCBXXED
DDCB;set 5,(ix+d);4;23;0;DDCBXXEE
DDCB;set 5,(ix+d),a;4;23;0;DDCBXXEF
DDCB;set 6,(ix+d),b;4;23;0;DDCBXXF0
DDCB;set 6,(ix+d),c;4;23;0;DDCBXXF1
DDCB;set 6,(ix+d),d;4;23;0;DDCBXXF2
DDCB;set 6,(ix+d),e;4;23;0;DDCBXXF3
DDCB;set 6,(ix+d),h;4;23;0;DDCBXXF4
DDCB;set 6,(ix+d),l;4;23;0;DDCBXXF5
DDCB;set 6,(ix+d);4;23;0;DDCBXXF6
DDCB;set 6,(ix+d),a;4;23;0;DDCBXXF7
DDCB;set 7,(ix+d),b;4;23;0;DDCBXXF8
DDCB;set 7,(ix+d),c;4;23;0;DDCBXXF9
DDCB;set 7,(ix+d),d;4;23;0;DDCBXXFA
DDCB;set 7,(ix+d),e;4;23;0;DDCBXXFB
DDCB;set 7,(ix+d),h;4;23;0;DDCBXXFC
DDCB;set 7,(ix+d),l;4;23;0;DDCBXXFD
DDCB;set 7,(ix+d);4;23;0;DDCBXXFE
DDCB;set 7,(ix+d),a;4;23;0;DDCBXXFF
ED;in0 b,(n);3;12;0;ED00XX
ED;out0 (n),b;3;13;0;ED01XX
ED;neg;2;8;0;ED04
ED;in0 c,(n);3;12;0;ED08XX
ED;out0 (n),c;3;13;0;ED09XX
ED;neg;2;8;0;ED0C
ED;in0 d,(n);3;12;0;ED10XX
ED;out0 (n),d;3;13;0;ED11XX
ED;neg;2;8;0;ED14
ED;in0 e,(n);3;12;0;ED18XX
ED;out0 (n),e;3;13;0;ED19XX
ED;neg;2;8;0;ED1C
ED;in0 h,(n);3;12;0;ED20XX
ED;out0 (n),h;3;13;0;ED21XX
ED;neg;2;8;0;ED24
ED;in0 l,(n);3;12;0;ED28XX
ED;out0 (n),l;3;13;0;ED29XX
ED;neg;2;8;0;ED2C
ED;neg;2;8;0;ED34
ED;in0 a,(n);3;12;0;ED38XX
ED;out0 (n),a;3;13;0;ED39XX
ED;neg;2;8;0;ED3C
ED;in b,(c);2;12;0;ED40
ED;out (c),b;2;12;0;ED41
ED;sbc hl,bc;2;15;0;ED42
ED;ld (nn),bc;4;20;0;ED43XXXX
ED;neg;2;8;0;ED44
ED;retn;2;14;0;ED45
ED;im 0;2;8;0;ED46
ED;ld i,a;2;9;0;ED47
ED;in c,(c);2;12;0;ED48
ED;out (c),c;2;12;0;ED49
ED;adc hl,bc;2;15;0;ED4A
ED;ld bc,(nn);4;20;0;ED4BXXXX
ED;neg;2;8;0;ED4C
ED;reti;2;14;0;ED4D
ED;im 0;2;8;0;ED4E
ED;ld r,a;2;9;0;ED4F
ED;in d,(c);2;12;0;ED50
ED;out (c),d;2;12;0;ED51
ED;sbc hl,de;2;15;0;ED52
ED;ld (nn),de;4;20;0;ED53XXXX
ED;neg;2;8;0;ED54
ED;retn;2;14;0;ED55
ED;im 1;2;8;0;ED56
ED;ldreg a,i;2;9;0;ED57
ED;in e,(c);2;12;0;ED58
ED;out (c),e;2;12;0;ED59
ED;adc hl,de;2;15;0;ED5A
ED;ld de,(nn);4;20;0;ED5BXXXX
ED;neg;2;8;0;ED5C
ED;retn;2;14;0;ED5D
ED;im 2;2;8;0;ED5E
ED;ldreg a,r;2;9;0;ED5F
ED;in h,(c);2;12;0;ED60
ED;out (c),h;2;12;0;ED61
ED;sbc hl,hl;2;15;0;ED62
ED;ld (nn),hl;4;20;0;ED63XXXX
ED;neg;3;8;0;ED64XX
ED;retn;2;14;0;ED65
ED;im 0;2;8;0;ED66
ED;rrd;2;18;0;ED67
ED;in l,(c);2;12;0;ED68
ED;out (c),l;2;12;0;ED69
ED;adc hl,hl;2;15;0;ED6A
ED;ld hl,(nn);4;20;0;ED6BXXXX
ED;neg;2;8;0;ED6C
ED;retn;2;14;0;ED6D
ED;im 0;2;8;0;ED6E
ED;rld;2;18;0;ED6F
ED;in (c);2;12;0;ED70
ED;out (c),0;2;12;0;ED71
ED;sbc hl,sp;2;15;0;ED72
ED;ld (nn),sp;4;20;0;ED73XXXX
ED;neg;2;8;0;ED74
ED;retn;2;15;0;ED75
ED;slp;2;8;0;ED76
ED;in a,(c);2;12;0;ED78
ED;out (c),a;2;12;0;ED79
ED;adc hl,sp;2;15;0;ED7A
ED;ld sp,(nn);4;20;0;ED7BXXXX
ED;neg;2;8;0;ED7C
ED;retn;2;14;0;ED7D
ED;im 2;2;8;0;ED7E
ED;otim;2;14;0;ED83
ED;otdm;2;14;0;ED8B
ED;otimr;2;16;14;ED93
ED;otdmr;2;16;14;ED9B
ED;ldi;2;16;0;EDA0
ED;cpi;2;16;0;EDA1
ED;ini;2;16;0;EDA2
ED;outi;2;16;0;EDA3
ED;ldd;2;16;0;EDA8
ED;cpd;2;16;0;EDA9
ED;ind;2;16;0;EDAA
ED;outd;2;16;0;EDAB
ED;ldir;2;21;16;EDB0
ED;cpir;2;21;16;EDB1
ED;inir;2;21;16;EDB2
ED;otir;2;21;16;EDB3
ED;lddr;2;21;16;EDB8
ED;cpdr;2;21;16;EDB9
ED;indr;2;21;16;EDBA
ED;otdr;2;21;16;EDBB
FD;inc b;2;8;0;FD04
FD;dec b;2;8;0;FD05
FD;ld b,n;3;11;0;FD06XX
FD;add iy,bc;2;15;0;FD09
FD;inc c;2;8;0;FD0C
FD;dec c;2;8;0;FD0D
FD;ld c,n;3;11;0;FD0EXX
FD;inc d;2;8;0;FD14
FD;dec d;2;8;0;FD15
FD;ld d,n;3;11;0;FD16XX
FD;add iy,de;2;15;0;FD19
FD;inc e;2;8;0;FD1C
FD;dec e;2;8;0;FD1D
FD;ld e,n;3;11;0;FD1EXX
FD;ld iy,nn;4;14;0;FD21XXXX
FD;ld (nn),iy;4;20;0;FD22XXXX
FD;inc iy;2;10;0;FD23
FD;inc iyh;2;8;0;FD24
FD;dec iyh;2;8;0;FD25
FD;ld iyh,n;3;11;0;FD26XX
FD;add iy,iy;2;15;0;FD29
FD;ld iy,(nn);4;20;0;FD2AXXXX
FD;dec iy;2;10;0;FD2B
FD;inc iyl;2;8;0;FD2C
FD;dec iyl;2;8;0;FD2D
FD;ld iyl,n;3;11;0;FD2EXX
FD;inc (iy+d);3;23;0;FD34XX
FD;dec (iy+d);3;23;0;FD35XX
FD;ld (iy+d),n;4;19;0;FD36XXXX
FD;add iy,sp;2;15;0;FD39
FD;inc a;2;8;0;FD3C
FD;dec a;2;8;0;FD3D
FD;ld a,n;3;11;0;FD3EXX
FD;ld b,b;2;8;0;FD40
FD;ld b,c;2;8;0;FD41
FD;ld b,d;2;8;0;FD42
FD;ld b,e;2;8;0;FD43
FD;ld b,iyh;2;8;0;FD44
FD;ld b,iyl;2;8;0;FD45
FD;ld b,(iy+d);3;19;0;FD46XX
FD;ld b,a;2;8;0;FD47
FD;ld c,b;2;8;0;FD48
FD;ld c,c;2;8;0;FD49
FD;ld c,d;2;8;0;FD4A
FD;ld c,e;2;8;0;FD4B
FD;ld c,iyh;2;8;0;FD4C
FD;ld c,iyl;2;8;0;FD4D
FD;ld c,(iy+d);3;19;0;FD4EXX
FD;ld c,a;2;8;0;FD4F
FD;ld d,b;2;8;0;FD50
FD;ld d,c;2;8;0;FD51
FD;ld d,d;2;8;0;FD52
FD;ld d,e;2;8;0;FD53
FD;ld d,iyh;2;8;0;FD54
FD;ld d,iyl;2;8;0;FD55
FD;ld d,(iy+d);3;19;0;FD56XX
FD;ld d,a;2;8;0;FD57
FD;ld e,b;2;8;0;FD58
FD;ld e,c;2;8;0;FD59
FD;ld e,d;2;8;0;FD5A
FD;ld e,e;2;8;0;FD5B
FD;ld e,iyh;2;8;0;FD5C
FD;ld e,iyl;2;8;0;FD5D
FD;ld e,(iy+d);3;19;0;FD5EXX
FD;ld e,a;2;8;0;FD5F
FD;ld iyh,b;2;8;0;FD60
FD;ld iyh,c;2;8;0;FD61
FD;ld iyh,d;2;8;0;FD62
FD;ld iyh,e;2;8;0;FD63
FD;ld iyh,iyh;2;8;0;FD64
FD;ld iyh,iyl;2;8;0;FD65
FD;ld h,(iy+d);3;19;0;FD66XX
FD;ld iyh,a;2;8;0;FD67
FD;ld iyl,b;2;8;0;FD68
FD;ld iyl,c;2;8;0;FD69
FD;ld iyl,d;2;8;0;FD6A
FD;ld iyl,e;2;8;0;FD6B
FD;ld iyl,iyh;2;8;0;FD6C
FD;ld iyl,iyl;2;8;0;FD6D
FD;ld l,(iy+d);3;19;0;FD6EXX
FD;ld iyl,a;2;8;0;FD6F
FD;ld (iy+d),b;3;19;0;FD70XX
FD;ld (iy+d),c;3;19;0;FD71XX
FD;ld (iy+d),d;3;19;0;FD72XX
FD;ld (iy+d),e;3;19;0;FD73XX
FD;ld (iy+d),h;3;19;0;FD74XX
FD;ld (iy+d),l;3;19;0;FD75XX
FD;ld (iy+d),a;3;19;0;FD77XX
FD;ld a,b;2;8;0;FD78
FD;ld a,c;2;8;0;FD79
FD;ld a,d;2;8;0;FD7A
FD;ld a,e;2;8;0;FD7B
FD;ld a,iyh;2;8;0;FD7C
FD;ld a,iyl;2;8;0;FD7D
FD;ld a,(iy+d);3;19;0;FD7EXX
FD;ld a,a;2;8;0;FD7F
FD;add a,b;2;8;0;FD80
FD;add a,c;2;8;0;FD81
FD;add a,d;2;8;0;FD82
FD;add a,e;2;8;0;FD83
FD;add a,iyh;2;8;0;FD84
FD;add a,iyl;2;8;0;FD85
FD;add a,(iy+d);3;19;0;FD86XX
FD;add a,a;2;8;0;FD87
FD;adc a,b;2;8;0;FD88
FD;adc a,c;2;8;0;FD89
FD;adc a,d;2;8;0;FD8A
FD;adc a,e;2;8;0;FD8B
FD;adc a,iyh;2;8;0;FD8C
FD;adc a,iyl;2;8;0;FD8D
FD;adc a,(iy+d);3;19;0;FD8EXX
FD;adc a,a;2;8;0;FD8F
FD;sub b;2;8;0;FD90
FD;sub c;2;8;0;FD91
FD;sub d;2;8;0;FD92
FD;sub e;2;8;0;FD93
FD;sub iyh;2;8;0;FD94
FD;sub iyl;2;8;0;FD95
FD;sub (iy+d);3;19;0;FD96XX
FD;sub a;2;8;0;FD97
FD;sbc a,b;2;8;0;FD98
FD;sbc a,c;2;8;0;FD99
FD;sbc a,d;2;8;0;FD9A
FD;sbc a,e;2;8;0;FD9B
FD;sbc a,iyh;2;8;0;FD9C
FD;sbc a,iyl;2;8;0;FD9D
FD;sbc a,(iy+d);3;19;0;FD9EXX
FD;sbc a,a;2;8;0;FD9F
FD;and b;2;8;0;FDA0
FD;and c;2;8;0;FDA1
FD;and d;2;8;0;FDA2
FD;and e;2;8;0;FDA3
FD;and iyh;2;8;0;FDA4
FD;and iyl;2;8;0;FDA5
FD;and (iy+d);3;19;0;FDA6XX
FD;and a;2;8;0;FDA7
FD;xor b;2;8;0;FDA8
FD;xor c;2;8;0;FDA9
FD;xor d;2;8;0;FDAA
FD;xor e;2;8;0;FDAB
FD;xor iyh;2;8;0;FDAC
FD;xor iyl;2;8;0;FDAD
FD;xor (iy+d);3;19;0;FDAEXX
FD;xor a;2;8;0;FDAF
FD;or b;2;8;0;FDB0
FD;or c;2;8;0;FDB1
FD;or d;2;8;0;FDB2
FD;or e;2;8;0;FDB3
FD;or iyh;2;8;0;FDB4
FD;or iyl;2;8;0;FDB5
FD;or (iy+d);3;19;0;FDB6XX
FD;or a;2;8;0;FDB7
FD;cp b;2;8;0;FDB8
FD;cp c;2;8;0;FDB9
FD;cp d;2;8;0;FDBA
FD;cp e;2;8;0;FDBB
FD;cp iyh;2;8;0;FDBC
FD;cp iyl;2;8;0;FDBD
FD;cp (iy+d);3;19;0;FDBEXX
FD;cp a;2;8;0;FDBF
FD;Lookup FDCB;0;0;0;FDCB
FD;pop iy;2;14;0;FDE1
FD;ex (sp),iy;2;23;0;FDE3
FD;push iy;2;15;0;FDE5
FD;jp (iy);2;8;0;FDE9
FD;ld sp,iy;2;10;0;FDF9
FDCB;rlc (iy+d),b;4;23;0;FDCBXX00
FDCB;rlc (iy+d),c;4;23;0;FDCBXX01
FDCB;rlc (iy+d),d;4;23;0;FDCBXX02
FDCB;rlc (iy+d),e;4;23;0;FDCBXX03
FDCB;rlc (iy+d),h;4;23;0;FDCBXX04
FDCB;rlc (iy+d),l;4;23;0;FDCBXX05
FDCB;rlc (iy+d);4;23;0;FDCBXX06
FDCB;rlc (iy+d),a;4;23;0;FDCBXX07
FDCB;rrc (iy+d),b;4;23;0;FDCBXX08
FDCB;rrc (iy+d),c;4;23;0;FDCBXX09
FDCB;rrc (iy+d),d;4;23;0;FDCBXX0A
FDCB;rrc (iy+d),e;4;23;0;FDCBXX0B
FDCB;rrc (iy+d),h;4;23;0;FDCBXX0C
FDCB;rrc (iy+d),l;4;23;0;FDCBXX0D
FDCB;rrc (iy+d);4;23;0;FDCBXX0E
FDCB;rrc (iy+d),a;4;23;0;FDCBXX0F
FDCB;rl (iy+d),b;4;23;0;FDCBXX10
FDCB;rl (iy+d),c;4;23;0;FDCBXX11
FDCB;rl (iy+d),d;4;23;0;FDCBXX12
FDCB;rl (iy+d),e;4;23;0;FDCBXX13
FDCB;rl (iy+d),h;4;23;0;FDCBXX14
FDCB;rl (iy+d),l;4;23;0;FDCBXX15
FDCB;rl (iy+d);4;23;0;FDCBXX16
FDCB;rl (iy+d),a;4;23;0;FDCBXX17
FDCB;rr (iy+d),b;4;23;0;FDCBXX18
FDCB;rr (iy+d),c;4;23;0;FDCBXX19
FDCB;rr (iy+d),d;4;23;0;FDCBXX1A
FDCB;rr (iy+d),e;4;23;0;FDCBXX1B
FDCB;rr (iy+d),h;4;23;0;FDCBXX1C
FDCB;rr (iy+d),l;4;23;0;FDCBXX1D
FDCB;rr (iy+d);4;23;0;FDCBXX1E
FDCB;rr (iy+d),a;4;23;0;FDCBXX1F
FDCB;sla (iy+d),b;4;23;0;FDCBXX20
FDCB;sla (iy+d),c;4;23;0;FDCBXX21
FDCB;sla (iy+d),d;4;23;0;FDCBXX22
FDCB;sla (iy+d),e;4;23;0;FDCBXX23
FDCB;sla (iy+d),h;4;23;0;FDCBXX24
FDCB;sla (iy+d),l;4;23;0;FDCBXX25
FDCB;sla (iy+d);4;23;0;FDCBXX26
FDCB;sla (iy+d),a;4;23;0;FDCBXX27
FDCB;sra (iy+d),b;4;23;0;FDCBXX28
FDCB;sra (iy+d),c;4;23;0;FDCBXX29
FDCB;sra (iy+d),d;4;23;0;FDCBXX2A
FDCB;sra (iy+d),e;4;23;0;FDCBXX2B
FDCB;sra (iy+d),h;4;23;0;FDCBXX2C
FDCB;sra (iy+d),l;4;23;0;FDCBXX2D
FDCB;sra (iy+d);4;23;0;FDCBXX2E
FDCB;sra (iy+d),a;4;23;0;FDCBXX2F
FDCB;sll (iy+d),b;4;23;0;FDCBXX30
FDCB;sll (iy+d),c;4;23;0;FDCBXX31
FDCB;sll (iy+d),d;4;23;0;FDCBXX32
FDCB;sll (iy+d),e;4;23;0;FDCBXX33
FDCB;sll (iy+d),h;4;23;0;FDCBXX34
FDCB;sll (iy+d),l;4;23;0;FDCBXX35
FDCB;sll (iy+d);4;23;0;FDCBXX36
FDCB;sll (iy+d),a;4;23;0;FDCBXX37
FDCB;srl (iy+d),b;4;23;0;FDCBXX38
FDCB;srl (iy+d),c;4;23;0;FDCBXX39
FDCB;srl (iy+d),d;4;23;0;FDCBXX3A
FDCB;srl (iy+d),e;4;23;0;FDCBXX3B
FDCB;srl (iy+d),h;4;23;0;FDCBXX3C
FDCB;srl (iy+d),l;4;23;0;FDCBXX3D
FDCB;srl (iy+d);4;23;0;FDCBXX3E
FDCB;srl (iy+d),a;4;23;0;FDCBXX3F
FDCB;bit 0,(iy+d);4;20;0;FDCBXX40
FDCB;bit 0,(iy+d);4;20;0;FDCBXX41
FDCB;bit 0,(iy+d);4;20;0;FDCBXX42
FDCB;bit 0,(iy+d);4;20;0;FDCBXX43
FDCB;bit 0,(iy+d);4;20;0;FDCBXX44
FDCB;bit 0,(iy+d);4;20;0;FDCBXX45
FDCB;bit 0,(iy+d);4;20;0;FDCBXX46
FDCB;bit 0,(iy+d);4;20;0;FDCBXX47
FDCB;bit 1,(iy+d);4;20;0;FDCBXX48
FDCB;bit 1,(iy+d);4;20;0;FDCBXX49
FDCB;bit 1,(iy+d);4;20;0;FDCBXX4A
FDCB;bit 1,(iy+d);4;20;0;FDCBXX4B
FDCB;bit 1,(iy+d);4;20;0;FDCBXX4C
FDCB;bit 1,(iy+d);4;20;0;FDCBXX4D
FDCB;bit 1,(iy+d);4;20;0;FDCBXX4E
FDCB;bit 1,(iy+d);4;20;0;FDCBXX4F
FDCB;bit 2,(iy+d);4;20;0;FDCBXX50
FDCB;bit 2,(iy+d);4;20;0;FDCBXX51
FDCB;bit 2,(iy+d);4;20;0;FDCBXX52
FDCB;bit 2,(iy+d);4;20;0;FDCBXX53
FDCB;bit 2,(iy+d);4;20;0;FDCBXX54
FDCB;bit 2,(iy+d);4;20;0;FDCBXX55
FDCB;bit 2,(iy+d);4;20;0;FDCBXX56
FDCB;bit 2,(iy+d);4;20;0;FDCBXX57
FDCB;bit 3,(iy+d);4;20;0;FDCBXX58
FDCB;bit 3,(iy+d);4;20;0;FDCBXX59
FDCB;bit 3,(iy+d);4;20;0;FDCBXX5A
FDCB;bit 3,(iy+d);4;20;0;FDCBXX5B
FDCB;bit 3,(iy+d);4;20;0;FDCBXX5C
FDCB;bit 3,(iy+d);4;20;0;FDCBXX5D
FDCB;bit 3,(iy+d);4;20;0;FDCBXX5E
FDCB;bit 3,(iy+d);4;20;0;FDCBXX5F
FDCB;bit 4,(iy+d);4;20;0;FDCBXX60
FDCB;bit 4,(iy+d);4;20;0;FDCBXX61
FDCB;bit 4,(iy+d);4;20;0;FDCBXX62
FDCB;bit 4,(iy+d);4;20;0;FDCBXX63
FDCB;bit 4,(iy+d);4;20;0;FDCBXX64
FDCB;bit 4,(iy+d);4;20;0;FDCBXX65
FDCB;bit 4,(iy+d);4;20;0;FDCBXX66
FDCB;bit 4,(iy+d);4;20;0;FDCBXX67
FDCB;bit 5,(iy+d);4;20;0;FDCBXX68
FDCB;bit 5,(iy+d);4;20;0;FDCBXX69
FDCB;bit 5,(iy+d);4;20;0;FDCBXX6A
FDCB;bit 5,(iy+d);4;20;0;FDCBXX6B
FDCB;bit 5,(iy+d);4;20;0;FDCBXX6C
FDCB;bit 5,(iy+d);4;20;0;FDCBXX6D
FDCB;bit 5,(iy+d);4;20;0;FDCBXX6E
FDCB;bit 5,(iy+d);4;20;0;FDCBXX6F
FDCB;bit 6,(iy+d);4;20;0;FDCBXX70
FDCB;bit 6,(iy+d);4;20;0;FDCBXX71
FDCB;bit 6,(iy+d);4;20;0;FDCBXX72
FDCB;bit 6,(iy+d);4;20;0;FDCBXX73
FDCB;bit 6,(iy+d);4;20;0;FDCBXX74
FDCB;bit 6,(iy+d);4;20;0;FDCBXX75
FDCB;bit 6,(iy+d);4;20;0;FDCBXX76
FDCB;bit 6,(iy+d);4;20;0;FDCBXX77
FDCB;bit 7,(iy+d);4;20;0;FDCBXX78
FDCB;bit 7,(iy+d);4;20;0;FDCBXX79
FDCB;bit 7,(iy+d);4;20;0;FDCBXX7A
FDCB;bit 7,(iy+d);4;20;0;FDCBXX7B
FDCB;bit 7,(iy+d);4;20;0;FDCBXX7C
FDCB;bit 7,(iy+d);4;20;0;FDCBXX7D
FDCB;bit 7,(iy+d);4;20;0;FDCBXX7E
FDCB;bit 7,(iy+d);4;20;0;FDCBXX7F
FDCB;res 0,(iy+d),b;4;23;0;FDCBXX80
FDCB;res 0,(iy+d),c;4;23;0;FDCBXX81
FDCB;res 0,(iy+d),d;4;23;0;FDCBXX82
FDCB;res 0,(iy+d),e;4;23;0;FDCBXX83
FDCB;res 0,(iy+d),h;4;23;0;FDCBXX84
FDCB;res 0,(iy+d),l;4;23;0;FDCBXX85
FDCB;res 0,(iy+d);4;23;0;FDCBXX86
FDCB;res 0,(iy+d),a;4;23;0;FDCBXX87
FDCB;res 1,(iy+d),b;4;23;0;FDCBXX88
FDCB;res 1,(iy+d),c;4;23;0;FDCBXX89
FDCB;res 1,(iy+d),d;4;23;0;FDCBXX8A
FDCB;res 1,(iy+d),e;4;23;0;FDCBXX8B
FDCB;res 1,(iy+d),h;4;23;0;FDCBXX8C
FDCB;res 1,(iy+d),l;4;23;0;FDCBXX8D
FDCB;res 1,(iy+d);4;23;0;FDCBXX8E
FDCB;res 1,(iy+d),a;4;23;0;FDCBXX8F
FDCB;res 2,(iy+d),b;4;23;0;FDCBXX90
FDCB;res 2,(iy+d),c;4;23;0;FDCBXX91
FDCB;res 2,(iy+d),d;4;23;0;FDCBXX92
FDCB;res 2,(iy+d),e;4;23;0;FDCBXX93
FDCB;res 2,(iy+d),h;4;23;0;FDCBXX94
FDCB;res 2,(iy+d),l;4;23;0;FDCBXX95
FDCB;res 2,(iy+d);4;23;0;FDCBXX96
FDCB;res 2,(iy+d),a;4;23;0;FDCBXX97
FDCB;res 3,(iy+d),b;4;23;0;FDCBXX98
FDCB;res 3,(iy+d),c;4;23;0;FDCBXX99
FDCB;res 3,(iy+d),d;4;23;0;FDCBXX9A
FDCB;res 3,(iy+d),e;4;23;0;FDCBXX9B
FDCB;res 3,(iy+d),h;4;23;0;FDCBXX9C
FDCB;res 3,(iy+d),l;4;23;0;FDCBXX9D
FDCB;res 3,(iy+d);4;23;0;FDCBXX9E
FDCB;res 3,(iy+d),a;4;23;0;FDCBXX9F
FDCB;res 4,(iy+d),b;4;23;0;FDCBXXA0
FDCB;res 4,(iy+d),c;4;23;0;FDCBXXA1
FDCB;res 4,(iy+d),d;4;23;0;FDCBXXA2
FDCB;res 4,(iy+d),e;4;23;0;FDCBXXA3
FDCB;res 4,(iy+d),h;4;23;0;FDCBXXA4
FDCB;res 4,(iy+d),l;4;23;0;FDCBXXA5
FDCB;res 4,(iy+d);4;23;0;FDCBXXA6
FDCB;res 4,(iy+d),a;4;23;0;FDCBXXA7
FDCB;res 5,(iy+d),b;4;23;0;FDCBXXA8
FDCB;res 5,(iy+d),c;4;23;0;FDCBXXA9
FDCB;res 5,(iy+d),d;4;23;0;FDCBXXAA
FDCB;res 5,(iy+d),e;4;23;0;FDCBXXAB
FDCB;res 5,(iy+d),h;4;23;0;FDCBXXAC
FDCB;res 5,(iy+d),l;4;23;0;FDCBXXAD
FDCB;res 5,(iy+d);4;23;0;FDCBXXAE
FDCB;res 5,(iy+d),a;4;23;0;FDCBXXAF
FDCB;res 6,(iy+d),b;4;23;0;FDCBXXB0
FDCB;res 6,(iy+d),c;4;23;0;FDCBXXB1
FDCB;res 6,(iy+d),d;4;23;0;FDCBXXB2
FDCB;res 6,(iy+d),e;4;23;0;FDCBXXB3
FDCB;res 6,(iy+d),h;4;23;0;FDCBXXB4
FDCB;res 6,(iy+d),l;4;23;0;FDCBXXB5
FDCB;res 6,(iy+d);4;23;0;FDCBXXB6
FDCB;res 6,(iy+d),a;4;23;0;FDCBXXB7
FDCB;res 7,(iy+d),b;4;23;0;FDCBXXB8
FDCB;res 7,(iy+d),c;4;23;0;FDCBXXB9
FDCB;res 7,(iy+d),d;4;23;0;FDCBXXBA
FDCB;res 7,(iy+d),e;4;23;0;FDCBXXBB
FDCB;res 7,(iy+d),h;4;23;0;FDCBXXBC
FDCB;res 7,(iy+d),l;4;23;0;FDCBXXBD
FDCB;res 7,(iy+d);4;23;0;FDCBXXBE
FDCB;res 7,(iy+d),a;4;23;0;FDCBXXBF
FDCB;set 0,(iy+d),b;4;23;0;FDCBXXC0
FDCB;set 0,(iy+d),c;4;23;0;FDCBXXC1
FDCB;set 0,(iy+d),d;4;23;0;FDCBXXC2
FDCB;set 0,(iy+d),e;4;23;0;FDCBXXC3
FDCB;set 0,(iy+d),h;4;23;0;FDCBXXC4
FDCB;set 0,(iy+d),l;4;23;0;FDCBXXC5
FDCB;set 0,(iy+d);4;23;0;FDCBXXC6
FDCB;set 0,(iy+d),a;4;23;0;FDCBXXC7
FDCB;set 1,(iy+d),b;4;23;0;FDCBXXC8
FDCB;set 1,(iy+d),c;4;23;0;FDCBXXC9
FDCB;set 1,(iy+d),d;4;23;0;FDCBXXCA
FDCB;set 1,(iy+d),e;4;23;0;FDCBXXCB
FDCB;set 1,(iy+d),h;4;23;0;FDCBXXCC
FDCB;set 1,(iy+d),l;4;23;0;FDCBXXCD
FDCB;set 1,(iy+d);4;23;0;FDCBXXCE
FDCB;set 1,(iy+d),a;4;23;0;FDCBXXCF
FDCB;set 2,(iy+d),b;4;23;0;FDCBXXD0
FDCB;set 2,(iy+d),c;4;23;0;FDCBXXD1
FDCB;set 2,(iy+d),d;4;23;0;FDCBXXD2
FDCB;set 2,(iy+d),e;4;23;0;FDCBXXD3
FDCB;set 2,(iy+d),h;4;23;0;FDCBXXD4
FDCB;set 2,(iy+d),l;4;23;0;FDCBXXD5
FDCB;set 2,(iy+d);4;23;0;FDCBXXD6
FDCB;set 2,(iy+d),a;4;23;0;FDCBXXD7
FDCB;set 3,(iy+d),b;4;23;0;FDCBXXD8
FDCB;set 3,(iy+d),c;4;23;0;FDCBXXD9
FDCB;set 3,(iy+d),d;4;23;0;FDCBXXDA
FDCB;set 3,(iy+d),e;4;23;0;FDCBXXDB
FDCB;set 3,(iy+d),h;4;23;0;FDCBXXDC
FDCB;set 3,(iy+d),l;4;23;0;FDCBXXDD
FDCB;set 3,(iy+d);4;23;0;FDCBXXDE
FDCB;set 3,(iy+d),a;4;23;0;FDCBXXDF
FDCB;set 4,(iy+d),b;4;23;0;FDCBXXE0
FDCB;set 4,(iy+d),c;4;23;0;FDCBXXE1
FDCB;set 4,(iy+d),d;4;23;0;FDCBXXE2
FDCB;set 4,(iy+d),e;4;23;0;FDCBXXE3
FDCB;set 4,(iy+d),h;4;23;0;FDCBXXE4
FDCB;set 4,(iy+d),l;4;23;0;FDCBXXE5
FDCB;set 4,(iy+d);4;23;0;FDCBXXE6
FDCB;set 4,(iy+d),a;4;23;0;FDCBXXE7
FDCB;set 5,(iy+d),b;4;23;0;FDCBXXE8
FDCB;set 5,(iy+d),c;4;23;0;FDCBXXE9
FDCB;set 5,(iy+d),d;4;23;0;FDCBXXEA
FDCB;set 5,(iy+d),e;4;23;0;FDCBXXEB
FDCB;set 5,(iy+d),h;4;23;0;FDCBXXEC
FDCB;set 5,(iy+d),l;4;23;0;FDCBXXED
FDCB;set 5,(iy+d);4;23;0;FDCBXXEE
FDCB;set 5,(iy+d),a;4;23;0;FDCBXXEF
FDCB;set 6,(iy+d),b;4;23;0;FDCBXXF0
FDCB;set 6,(iy+d),c;4;23;0;FDCBXXF1
FDCB;set 6,(iy+d),d;4;23;0;FDCBXXF2
FDCB;set 6,(iy+d),e;4;23;0;FDCBXXF3
FDCB;set 6,(iy+d),h;4;23;0;FDCBXXF4
FDCB;set 6,(iy+d),l;4;23;0;FDCBXXF5
FDCB;set 6,(iy+d);4;23;0;FDCBXXF6
FDCB;set 6,(iy+d),a;4;23;0;FDCBXXF7
FDCB;set 7,(iy+d),b;4;23;0;FDCBXXF8
FDCB;set 7,(iy+d),c;4;23;0;FDCBXXF9
FDCB;set 7,(iy+d),d;4;23;0;FDCBXXFA
FDCB;set 7,(iy+d),e;4;23;0;FDCBXXFB
FDCB;set 7,(iy+d),h;4;23;0;FDCBXXFC
FDCB;set 7,(iy+d),l;4;23;0;FDCBXXFD
FDCB;set 7,(iy+d);4;23;0;FDCBXXFE
FDCB;set 7,(iy+d),a;4;23;0;FDCBXXFF
